date,real,nominal
1915-01-01,517.84,19.250
1915-02-01,523.02,19.250
1915-03-01,528.30,19.250
1915-04-01,523.02,19.250
1915-05-01,517.84,19.250
1915-06-01,517.84,19.250
1915-07-01,517.84,19.250
1915-08-01,517.84,19.250
1915-09-01,517.84,19.250
1915-10-01,512.76,19.250
1915-11-01,507.78,19.250
1915-12-01,507.78,19.250
1916-01-01,508.65,19.470
1916-02-01,508.65,19.470
1916-03-01,503.81,19.470
1916-04-01,499.06,19.470
1916-05-01,494.38,19.470
1916-06-01,489.81,19.470
1916-07-01,489.81,19.470
1916-08-01,485.31,19.470
1916-09-01,476.57,19.470
1916-10-01,468.14,19.470
1916-11-01,460.00,19.470
1916-12-01,456.03,19.470
1917-01-01,456.54,19.660
1917-02-01,445.12,19.660
1917-03-01,445.12,19.660
1917-04-01,423.93,19.660
1917-05-01,417.30,19.660
1917-06-01,410.89,19.660
1917-07-01,417.30,19.660
1917-08-01,410.89,19.660
1917-09-01,401.61,19.660
1917-10-01,395.68,19.660
1917-11-01,395.68,19.660
1917-12-01,389.90,19.660
1918-01-01,385.03,19.840
1918-02-01,382.30,19.840
1918-03-01,385.03,19.840
1918-04-01,379.62,19.840
1918-05-01,371.76,19.840
1918-06-01,366.70,19.840
1918-07-01,356.98,19.840
1918-08-01,350.04,19.840
1918-09-01,343.33,19.840
1918-10-01,336.90,19.840
1918-11-01,330.69,19.840
1918-12-01,326.69,19.840
1919-01-01,329.81,20.030
1919-02-01,335.92,20.030
1919-03-01,331.84,20.030
1919-04-01,325.87,20.030
1919-05-01,322.02,20.030
1919-06-01,322.02,20.030
1919-07-01,312.77,20.030
1919-08-01,307.46,20.030
1919-09-01,305.74,20.030
1919-10-01,300.67,20.030
1919-11-01,294.16,20.030
1919-12-01,287.93,20.030
1920-01-01,290.43,20.630
1920-02-01,287.44,20.630
1920-03-01,284.53,20.630
1920-04-01,276.11,20.630
1920-05-01,272.09,20.630
1920-06-01,268.19,20.630
1920-07-01,269.47,20.630
1920-08-01,276.11,20.630
1920-09-01,280.26,20.630
1920-10-01,281.66,20.630
1920-11-01,283.08,20.630
1920-12-01,288.92,20.630
1921-01-01,295.87,20.690
1921-02-01,305.51,20.690
1921-03-01,307.18,20.690
1921-04-01,310.58,20.690
1921-05-01,317.59,20.690
1921-06-01,319.39,20.690
1921-07-01,317.59,20.690
1921-08-01,317.59,20.690
1921-09-01,321.21,20.690
1921-10-01,321.21,20.690
1921-11-01,323.07,20.690
1921-12-01,324.94,20.690
1922-01-01,335.04,20.840
1922-02-01,335.04,20.840
1922-03-01,339.05,20.840
1922-04-01,339.05,20.840
1922-05-01,339.05,20.840
1922-06-01,339.05,20.840
1922-07-01,337.02,20.840
1922-08-01,341.09,20.840
1922-09-01,341.09,20.840
1922-10-01,339.05,20.840
1922-11-01,337.02,20.840
1922-12-01,335.04,20.840
1923-01-01,335.57,20.750
1923-02-01,335.57,20.750
1923-03-01,335.57,20.750
1923-04-01,333.60,20.750
1923-05-01,333.60,20.750
1923-06-01,331.63,20.750
1923-07-01,327.77,20.750
1923-08-01,329.70,20.750
1923-09-01,327.77,20.750
1923-10-01,325.88,20.750
1923-11-01,325.88,20.750
1923-12-01,325.88,20.750
1924-01-01,326.35,20.780
1924-02-01,328.24,20.780
1924-03-01,330.17,20.780
1924-04-01,332.11,20.780
1924-05-01,332.11,20.780
1924-06-01,332.11,20.780
1924-07-01,330.17,20.780
1924-08-01,332.11,20.780
1924-09-01,330.17,20.780
1924-10-01,328.24,20.780
1924-11-01,328.24,20.780
1924-12-01,326.35,20.780
1925-01-01,325.88,20.750
1925-02-01,327.77,20.750
1925-03-01,325.88,20.750
1925-04-01,327.77,20.750
1925-05-01,325.88,20.750
1925-06-01,322.14,20.750
1925-07-01,318.51,20.750
1925-08-01,318.51,20.750
1925-09-01,318.51,20.750
1925-10-01,318.51,20.750
1925-11-01,313.20,20.750
1925-12-01,314.96,20.750
1926-01-01,314.51,20.720
1926-02-01,314.51,20.720
1926-03-01,316.27,20.720
1926-04-01,314.51,20.720
1926-05-01,316.27,20.720
1926-06-01,318.05,20.720
1926-07-01,321.68,20.720
1926-08-01,323.54,20.720
1926-09-01,321.68,20.720
1926-10-01,319.85,20.720
1926-11-01,318.05,20.720
1926-12-01,318.05,20.720
1927-01-01,322.14,20.750
1927-02-01,324.01,20.750
1927-03-01,325.88,20.750
1927-04-01,325.88,20.750
1927-05-01,324.01,20.750
1927-06-01,320.32,20.750
1927-07-01,325.88,20.750
1927-08-01,327.77,20.750
1927-09-01,325.88,20.750
1927-10-01,324.01,20.750
1927-11-01,325.88,20.750
1927-12-01,325.88,20.750
1928-01-01,326.35,20.780
1928-02-01,330.17,20.780
1928-03-01,330.17,20.780
1928-04-01,330.17,20.780
1928-05-01,328.24,20.780
1928-06-01,330.17,20.780
1928-07-01,330.17,20.780
1928-08-01,330.17,20.780
1928-09-01,326.35,20.780
1928-10-01,328.24,20.780
1928-11-01,328.24,20.780
1928-12-01,330.17,20.780
1929-01-01,329.22,20.720
1929-02-01,329.22,20.720
1929-03-01,331.15,20.720
1929-04-01,333.12,20.720
1929-05-01,331.15,20.720
1929-06-01,329.22,20.720
1929-07-01,325.41,20.720
1929-08-01,325.41,20.720
1929-09-01,325.41,20.720
1929-10-01,325.41,20.720
1929-11-01,325.41,20.720
1929-12-01,327.29,20.720
1930-01-01,328.74,20.690
1930-02-01,330.67,20.690
1930-03-01,332.63,20.690
1930-04-01,330.67,20.690
1930-05-01,332.63,20.690
1930-06-01,334.60,20.690
1930-07-01,338.63,20.690
1930-08-01,340.68,20.690
1930-09-01,338.63,20.690
1930-10-01,340.68,20.690
1930-11-01,342.77,20.690
1930-12-01,349.16,20.690
1931-01-01,386.02,22.590
1931-02-01,390.92,22.590
1931-03-01,393.43,22.590
1931-04-01,395.98,22.590
1931-05-01,401.15,22.590
1931-06-01,406.46,22.590
1931-07-01,406.46,22.590
1931-08-01,406.46,22.590
1931-09-01,409.17,22.590
1931-10-01,411.93,22.590
1931-11-01,417.53,22.590
1931-12-01,420.38,22.590
1932-01-01,394.82,20.780
1932-02-01,400.41,20.780
1932-03-01,403.28,20.780
1932-04-01,406.17,20.780
1932-05-01,412.11,20.780
1932-06-01,415.14,20.780
1932-07-01,415.14,20.780
1932-08-01,418.22,20.780
1932-09-01,421.34,20.780
1932-10-01,424.49,20.780
1932-11-01,427.71,20.780
1932-12-01,430.98,20.780
1933-01-01,557.51,26.470
1933-02-01,566.27,26.470
1933-03-01,570.77,26.470
1933-04-01,570.77,26.470
1933-05-01,570.77,26.470
1933-06-01,566.27,26.470
1933-07-01,548.99,26.470
1933-08-01,544.83,26.470
1933-09-01,544.83,26.470
1933-10-01,544.83,26.470
1933-11-01,544.83,26.470
1933-12-01,544.83,26.470
1934-01-01,720.41,35.000
1934-02-01,714.98,35.000
1934-03-01,714.98,35.000
1934-04-01,714.98,35.000
1934-05-01,714.98,35.000
1934-06-01,709.66,35.000
1934-07-01,709.66,35.000
1934-08-01,709.66,35.000
1934-09-01,699.23,35.000
1934-10-01,704.41,35.000
1934-11-01,704.41,35.000
1934-12-01,709.66,35.000
1935-01-01,699.23,35.000
1935-02-01,694.12,35.000
1935-03-01,694.12,35.000
1935-04-01,689.08,35.000
1935-05-01,689.08,35.000
1935-06-01,694.12,35.000
1935-07-01,694.12,35.000
1935-08-01,694.12,35.000
1935-09-01,694.12,35.000
1935-10-01,694.12,35.000
1935-11-01,689.08,35.000
1935-12-01,689.08,35.000
1936-01-01,689.08,35.000
1936-02-01,689.08,35.000
1936-03-01,694.12,35.000
1936-04-01,694.12,35.000
1936-05-01,694.12,35.000
1936-06-01,689.08,35.000
1936-07-01,684.11,35.000
1936-08-01,679.25,35.000
1936-09-01,679.25,35.000
1936-10-01,679.25,35.000
1936-11-01,679.25,35.000
1936-12-01,679.25,35.000
1937-01-01,674.42,35.000
1937-02-01,674.42,35.000
1937-03-01,669.69,35.000
1937-04-01,665.00,35.000
1937-05-01,660.38,35.000
1937-06-01,660.38,35.000
1937-07-01,655.83,35.000
1937-08-01,655.83,35.000
1937-09-01,651.32,35.000
1937-10-01,651.32,35.000
1937-11-01,655.83,35.000
1937-12-01,660.38,35.000
1938-01-01,669.69,35.000
1938-02-01,674.42,35.000
1938-03-01,674.42,35.000
1938-04-01,669.69,35.000
1938-05-01,674.42,35.000
1938-06-01,674.42,35.000
1938-07-01,674.42,35.000
1938-08-01,674.42,35.000
1938-09-01,674.42,35.000
1938-10-01,679.25,35.000
1938-11-01,679.25,35.000
1938-12-01,679.25,35.000
1939-01-01,673.23,34.690
1939-02-01,678.05,34.690
1939-03-01,678.05,34.690
1939-04-01,682.98,34.690
1939-05-01,682.98,34.690
1939-06-01,682.98,34.690
1939-07-01,682.98,34.690
1939-08-01,682.98,34.690
1939-09-01,668.44,34.690
1939-10-01,673.23,34.690
1939-11-01,673.23,34.690
1939-12-01,673.23,34.690
1940-01-01,665.74,34.060
1940-02-01,661.00,34.060
1940-03-01,661.00,34.060
1940-04-01,661.00,34.060
1940-05-01,661.00,34.060
1940-06-01,656.30,34.060
1940-07-01,661.00,34.060
1940-08-01,661.00,34.060
1940-09-01,661.00,34.060
1940-10-01,661.00,34.060
1940-11-01,661.00,34.060
1940-12-01,656.30,34.060
1941-01-01,656.30,34.060
1941-02-01,656.30,34.060
1941-03-01,651.70,34.060
1941-04-01,647.14,34.060
1941-05-01,642.64,34.060
1941-06-01,629.53,34.060
1941-07-01,629.53,34.060
1941-08-01,621.08,34.060
1941-09-01,612.84,34.060
1941-10-01,604.84,34.060
1941-11-01,600.92,34.060
1941-12-01,597.04,34.060
1942-01-01,589.41,34.060
1942-02-01,585.70,34.060
1942-03-01,578.37,34.060
1942-04-01,574.80,34.060
1942-05-01,567.71,34.060
1942-06-01,567.71,34.060
1942-07-01,564.27,34.060
1942-08-01,560.83,34.060
1942-09-01,560.83,34.060
1942-10-01,554.12,34.060
1942-11-01,550.82,34.060
1942-12-01,547.58,34.060
1943-01-01,547.58,34.060
1943-02-01,547.58,34.060
1943-03-01,538.01,34.060
1943-04-01,531.85,34.060
1943-05-01,528.78,34.060
1943-06-01,528.78,34.060
1943-07-01,531.85,34.060
1943-08-01,534.91,34.060
1943-09-01,531.85,34.060
1943-10-01,531.85,34.060
1943-11-01,531.85,34.060
1943-12-01,531.85,34.060
1944-01-01,531.85,34.060
1944-02-01,531.85,34.060
1944-03-01,531.85,34.060
1944-04-01,528.78,34.060
1944-05-01,528.78,34.060
1944-06-01,525.78,34.060
1944-07-01,522.82,34.060
1944-08-01,522.82,34.060
1944-09-01,522.82,34.060
1944-10-01,522.82,34.060
1944-11-01,522.82,34.060
1944-12-01,519.89,34.060
1945-01-01,534.24,35.000
1945-02-01,534.24,35.000
1945-03-01,534.24,35.000
1945-04-01,534.24,35.000
1945-05-01,531.27,35.000
1945-06-01,525.39,35.000
1945-07-01,525.39,35.000
1945-08-01,525.39,35.000
1945-09-01,525.39,35.000
1945-10-01,525.39,35.000
1945-11-01,525.39,35.000
1945-12-01,522.48,35.000
1946-01-01,522.48,35.000
1946-02-01,525.39,35.000
1946-03-01,519.65,35.000
1946-04-01,516.81,35.000
1946-05-01,514.01,35.000
1946-06-01,508.52,35.000
1946-07-01,480.27,35.000
1946-08-01,470.75,35.000
1946-09-01,466.13,35.000
1946-10-01,457.17,35.000
1946-11-01,446.46,35.000
1946-12-01,442.30,35.000
1947-01-01,442.30,35.000
1947-02-01,442.30,35.000
1947-03-01,434.21,35.000
1947-04-01,434.21,35.000
1947-05-01,434.21,35.000
1947-06-01,432.25,35.000
1947-07-01,428.37,35.000
1947-08-01,422.63,35.000
1947-09-01,413.46,35.000
1947-10-01,413.46,35.000
1947-11-01,411.67,35.000
1947-12-01,406.39,35.000
1948-01-01,401.24,35.000
1948-02-01,404.67,35.000
1948-03-01,406.39,35.000
1948-04-01,399.56,35.000
1948-05-01,397.88,35.000
1948-06-01,394.59,35.000
1948-07-01,389.73,35.000
1948-08-01,388.15,35.000
1948-09-01,388.15,35.000
1948-10-01,389.73,35.000
1948-11-01,392.95,35.000
1948-12-01,394.59,35.000
1949-01-01,360.91,31.880
1949-02-01,363.94,31.880
1949-03-01,363.94,31.880
1949-04-01,362.41,31.880
1949-05-01,363.94,31.880
1949-06-01,362.41,31.880
1949-07-01,365.47,31.880
1949-08-01,363.94,31.880
1949-09-01,362.41,31.880
1949-10-01,365.47,31.880
1949-11-01,363.94,31.880
1949-12-01,367.03,31.880
1950-01-01,404.67,35.000
1950-02-01,404.67,35.000
1950-03-01,402.96,35.000
1950-04-01,402.96,35.000
1950-05-01,401.24,35.000
1950-06-01,399.56,35.000
1950-07-01,394.59,35.000
1950-08-01,391.34,35.000
1950-09-01,389.73,35.000
1950-10-01,386.58,35.000
1950-11-01,385.00,35.000
1950-12-01,380.38,35.000
1951-01-01,374.40,35.000
1951-02-01,370.02,35.000
1951-03-01,368.59,35.000
1951-04-01,368.59,35.000
1951-05-01,367.15,35.000
1951-06-01,367.15,35.000
1951-07-01,367.15,35.000
1951-08-01,367.15,35.000
1951-09-01,364.35,35.000
1951-10-01,362.95,35.000
1951-11-01,360.22,35.000
1951-12-01,358.86,35.000
1952-01-01,355.68,34.690
1952-02-01,358.38,34.690
1952-03-01,358.38,34.690
1952-04-01,357.03,34.690
1952-05-01,357.03,34.690
1952-06-01,355.68,34.690
1952-07-01,353.01,34.690
1952-08-01,353.01,34.690
1952-09-01,353.01,34.690
1952-10-01,353.01,34.690
1952-11-01,353.01,34.690
1952-12-01,353.01,34.690
1953-01-01,357.49,35.000
1953-02-01,358.86,35.000
1953-03-01,357.49,35.000
1953-04-01,357.49,35.000
1953-05-01,356.16,35.000
1953-06-01,354.83,35.000
1953-07-01,354.83,35.000
1953-08-01,353.50,35.000
1953-09-01,353.50,35.000
1953-10-01,352.21,35.000
1953-11-01,353.50,35.000
1953-12-01,353.50,35.000
1954-01-01,356.63,35.310
1954-02-01,356.63,35.310
1954-03-01,356.63,35.310
1954-04-01,357.97,35.310
1954-05-01,356.63,35.310
1954-06-01,356.63,35.310
1954-07-01,356.63,35.310
1954-08-01,356.63,35.310
1954-09-01,357.97,35.310
1954-10-01,357.97,35.310
1954-11-01,357.97,35.310
1954-12-01,359.31,35.310
1955-01-01,359.31,35.310
1955-02-01,359.31,35.310
1955-03-01,359.31,35.310
1955-04-01,359.31,35.310
1955-05-01,359.31,35.310
1955-06-01,359.31,35.310
1955-07-01,357.97,35.310
1955-08-01,357.97,35.310
1955-09-01,356.63,35.310
1955-10-01,356.63,35.310
1955-11-01,356.63,35.310
1955-12-01,357.97,35.310
1956-01-01,357.97,35.310
1956-02-01,357.97,35.310
1956-03-01,357.97,35.310
1956-04-01,356.63,35.310
1956-05-01,355.32,35.310
1956-06-01,352.71,35.310
1956-07-01,350.13,35.310
1956-08-01,351.41,35.310
1956-09-01,350.13,35.310
1956-10-01,348.86,35.310
1956-11-01,348.86,35.310
1956-12-01,347.59,35.310
1957-01-01,344.54,35.000
1957-02-01,343.32,35.000
1957-03-01,342.06,35.000
1957-04-01,340.83,35.000
1957-05-01,339.61,35.000
1957-06-01,338.42,35.000
1957-07-01,336.04,35.000
1957-08-01,336.04,35.000
1957-09-01,336.04,35.000
1957-10-01,336.04,35.000
1957-11-01,334.85,35.000
1957-12-01,334.85,35.000
1958-01-01,335.45,35.310
1958-02-01,335.45,35.310
1958-03-01,333.11,35.310
1958-04-01,331.95,35.310
1958-05-01,331.95,35.310
1958-06-01,331.95,35.310
1958-07-01,330.82,35.310
1958-08-01,331.95,35.310
1958-09-01,331.95,35.310
1958-10-01,331.95,35.310
1958-11-01,330.82,35.310
1958-12-01,331.95,35.310
1959-01-01,330.82,35.310
1959-02-01,331.95,35.310
1959-03-01,331.95,35.310
1959-04-01,330.82,35.310
1959-05-01,330.82,35.310
1959-06-01,329.69,35.310
1959-07-01,328.56,35.310
1959-08-01,328.56,35.310
1959-09-01,327.43,35.310
1959-10-01,326.30,35.310
1959-11-01,326.30,35.310
1959-12-01,326.30,35.310
1960-01-01,327.43,35.310
1960-02-01,326.30,35.310
1960-03-01,326.30,35.310
1960-04-01,325.21,35.310
1960-05-01,325.21,35.310
1960-06-01,324.11,35.310
1960-07-01,324.11,35.310
1960-08-01,324.11,35.310
1960-09-01,324.11,35.310
1960-10-01,321.92,35.310
1960-11-01,321.92,35.310
1960-12-01,321.92,35.310
1961-01-01,321.92,35.310
1961-02-01,321.92,35.310
1961-03-01,321.92,35.310
1961-04-01,321.92,35.310
1961-05-01,321.92,35.310
1961-06-01,321.92,35.310
1961-07-01,319.80,35.310
1961-08-01,320.86,35.310
1961-09-01,319.80,35.310
1961-10-01,319.80,35.310
1961-11-01,319.80,35.310
1961-12-01,319.80,35.310
1962-01-01,319.80,35.310
1962-02-01,318.71,35.310
1962-03-01,318.71,35.310
1962-04-01,317.68,35.310
1962-05-01,317.68,35.310
1962-06-01,317.68,35.310
1962-07-01,316.62,35.310
1962-08-01,316.62,35.310
1962-09-01,315.57,35.310
1962-10-01,315.57,35.310
1962-11-01,315.57,35.310
1962-12-01,315.57,35.310
1963-01-01,315.57,35.310
1963-02-01,315.57,35.310
1963-03-01,314.54,35.310
1963-04-01,314.54,35.310
1963-05-01,314.54,35.310
1963-06-01,313.52,35.310
1963-07-01,312.49,35.310
1963-08-01,312.49,35.310
1963-09-01,312.49,35.310
1963-10-01,311.47,35.310
1963-11-01,311.47,35.310
1963-12-01,310.48,35.310
1964-01-01,310.48,35.310
1964-02-01,310.48,35.310
1964-03-01,310.48,35.310
1964-04-01,310.48,35.310
1964-05-01,310.48,35.310
1964-06-01,309.46,35.310
1964-07-01,308.47,35.310
1964-08-01,309.46,35.310
1964-09-01,308.47,35.310
1964-10-01,308.47,35.310
1964-11-01,307.48,35.310
1964-12-01,307.48,35.310
1965-01-01,307.48,35.310
1965-02-01,307.48,35.310
1965-03-01,306.49,35.310
1965-04-01,305.54,35.310
1965-05-01,305.54,35.310
1965-06-01,303.60,35.310
1965-07-01,303.60,35.310
1965-08-01,303.60,35.310
1965-09-01,303.60,35.310
1965-10-01,302.64,35.310
1965-11-01,302.64,35.310
1965-12-01,301.69,35.310
1966-01-01,301.69,35.310
1966-02-01,299.82,35.310
1966-03-01,298.86,35.310
1966-04-01,297.03,35.310
1966-05-01,297.03,35.310
1966-06-01,296.11,35.310
1966-07-01,295.19,35.310
1966-08-01,293.39,35.310
1966-09-01,293.39,35.310
1966-10-01,291.59,35.310
1966-11-01,291.59,35.310
1966-12-01,291.59,35.310
1967-01-01,291.59,35.310
1967-02-01,291.59,35.310
1967-03-01,290.71,35.310
1967-04-01,289.82,35.310
1967-05-01,288.98,35.310
1967-06-01,288.09,35.310
1967-07-01,287.25,35.310
1967-08-01,286.36,35.310
1967-09-01,285.52,35.310
1967-10-01,284.67,35.310
1967-11-01,283.82,35.310
1967-12-01,283.01,35.310
1968-01-01,321.19,40.310
1968-02-01,320.22,40.310
1968-03-01,319.30,40.310
1968-04-01,318.37,40.310
1968-05-01,317.44,40.310
1968-06-01,315.63,40.310
1968-07-01,313.81,40.310
1968-08-01,312.93,40.310
1968-09-01,312.04,40.310
1968-10-01,310.27,40.310
1968-11-01,309.38,40.310
1968-12-01,308.49,40.310
1969-01-01,319.63,41.880
1969-02-01,317.83,41.880
1969-03-01,315.19,41.880
1969-04-01,313.47,41.880
1969-05-01,312.59,41.880
1969-06-01,310.88,41.880
1969-07-01,309.20,41.880
1969-08-01,307.52,41.880
1969-09-01,306.69,41.880
1969-10-01,305.05,41.880
1969-11-01,303.42,41.880
1969-12-01,301.83,41.880
1970-01-01,262.79,36.560
1970-02-01,261.40,36.560
1970-03-01,260.01,36.560
1970-04-01,258.00,36.560
1970-05-01,257.35,36.560
1970-06-01,255.99,36.560
1970-07-01,254.71,36.560
1970-08-01,254.71,36.560
1970-09-01,253.40,36.560
1970-10-01,252.12,36.560
1970-11-01,250.84,36.560
1970-12-01,249.60,36.560
1971-01-01,258.61,37.880
1971-02-01,263.78,38.740
1971-03-01,264.01,38.870
1971-04-01,264.29,39.010
1971-05-01,273.19,40.520
1971-06-01,268.35,40.100
1971-07-01,273.38,40.950
1971-08-01,284.41,42.710
1971-09-01,279.88,42.030
1971-10-01,282.33,42.500
1971-11-01,284.72,42.860
1971-12-01,287.45,43.480
1972-01-01,302.45,45.750
1972-02-01,317.50,48.260
1972-03-01,317.19,48.330
1972-04-01,321.00,49.030
1972-05-01,356.72,54.620
1972-06-01,404.52,62.090
1972-07-01,425.74,65.660
1972-08-01,433.62,67.030
1972-09-01,422.48,65.460
1972-10-01,416.60,64.860
1972-11-01,403.13,62.910
1972-12-01,408.58,63.910
1973-01-01,415.46,65.140
1973-02-01,469.91,74.200
1973-03-01,529.99,84.460
1973-04-01,564.06,90.510
1973-05-01,634.74,102.560
1973-06-01,738.87,120.200
1973-07-01,735.47,119.920
1973-08-01,642.04,106.580
1973-09-01,617.15,102.670
1973-10-01,596.28,100.080
1973-11-01,563.61,95.220
1973-12-01,627.80,106.750
1974-01-01,755.04,129.510
1974-02-01,870.42,151.220
1974-03-01,958.21,168.580
1974-04-01,974.20,172.120
1974-05-01,910.89,162.950
1974-06-01,852.77,153.790
1974-07-01,791.95,143.990
1974-08-01,839.50,154.490
1974-09-01,812.97,151.420
1974-10-01,845.30,158.980
1974-11-01,962.87,182.500
1974-12-01,961.77,183.720
1975-01-01,920.55,176.520
1975-02-01,930.10,179.730
1975-03-01,917.97,178.040
1975-04-01,870.96,169.580
1975-05-01,854.25,167.270
1975-06-01,833.14,164.360
1975-07-01,828.00,165.170
1975-08-01,814.15,162.700
1975-09-01,715.70,143.830
1975-10-01,706.47,142.750
1975-11-01,699.02,142.280
1975-12-01,681.92,139.310
1976-01-01,641.42,131.250
1976-02-01,638.52,131.140
1976-03-01,644.00,132.510
1976-04-01,619.52,127.920
1976-05-01,610.21,126.890
1976-06-01,600.84,125.620
1976-07-01,559.11,117.510
1976-08-01,519.59,109.780
1976-09-01,539.53,114.380
1976-10-01,545.14,116.160
1976-11-01,611.92,130.640
1976-12-01,625.28,133.950
1977-01-01,613.94,132.200
1977-02-01,627.58,136.520
1977-03-01,677.50,148.380
1977-04-01,675.44,149.170
1977-05-01,660.13,146.500
1977-06-01,630.00,140.750
1977-07-01,638.84,143.430
1977-08-01,643.57,144.980
1977-09-01,662.64,149.750
1977-10-01,701.48,159.030
1977-11-01,711.24,162.050
1977-12-01,701.44,160.330
1978-01-01,753.55,173.350
1978-02-01,770.12,178.310
1978-03-01,787.07,183.680
1978-04-01,742.82,174.700
1978-05-01,744.01,176.640
1978-06-01,765.73,183.760
1978-07-01,782.55,189.250
1978-08-01,849.63,206.370
1978-09-01,867.42,212.290
1978-10-01,921.67,227.630
1978-11-01,827.69,205.330
1978-12-01,833.50,207.700
1979-01-01,904.32,227.330
1979-02-01,967.90,246.160
1979-03-01,941.24,241.840
1979-04-01,921.06,239.360
1979-05-01,981.43,258.270
1979-06-01,1049.38,279.240
1979-07-01,1095.99,294.860
1979-08-01,1110.31,301.550
1979-09-01,1301.69,357.410
1979-10-01,1412.21,390.870
1979-11-01,1407.44,393.140
1979-12-01,1614.87,455.920
1980-01-01,2367.47,677.970
1980-02-01,2287.85,664.300
1980-03-01,1867.70,550.620
1980-04-01,1733.75,516.920
1980-05-01,1712.34,515.610
1980-06-01,1981.05,603.060
1980-07-01,2113.77,643.460
1980-08-01,2046.32,627.320
1980-09-01,2182.43,674.840
1980-10-01,2115.44,660.250
1980-11-01,1980.94,623.330
1980-12-01,1869.41,593.840
1981-01-01,1735.86,555.830
1981-02-01,1542.59,499.060
1981-03-01,1534.60,499.870
1981-04-01,1509.65,495.130
1981-05-01,1450.57,479.370
1981-06-01,1377.59,459.350
1981-07-01,1211.94,408.610
1981-08-01,1209.72,410.910
1981-09-01,1294.55,444.100
1981-10-01,1272.98,437.600
1981-11-01,1196.86,412.710
1981-12-01,1185.77,410.300
1982-01-01,1106.16,383.950
1982-02-01,1073.18,373.670
1982-03-01,947.34,329.510
1982-04-01,1003.94,350.660
1982-05-01,944.98,333.210
1982-06-01,881.73,314.790
1982-07-01,947.30,339.900
1982-08-01,1016.48,365.510
1982-09-01,1213.34,437.240
1982-10-01,1169.69,422.730
1982-11-01,1150.96,415.210
1982-12-01,1237.21,444.400
1983-01-01,1341.11,482.760
1983-02-01,1356.28,488.750
1983-03-01,1165.33,419.940
1983-04-01,1193.29,432.980
1983-05-01,1198.09,437.420
1983-06-01,1127.85,412.980
1983-07-01,1149.47,422.600
1983-08-01,1129.11,416.340
1983-09-01,1109.36,411.180
1983-10-01,1058.00,393.310
1983-11-01,1026.15,382.180
1983-12-01,1040.70,388.030
1984-01-01,988.55,370.800
1984-02-01,1025.57,386.570
1984-03-01,1043.66,394.130
1984-04-01,1003.70,380.910
1984-05-01,992.88,377.810
1984-06-01,988.00,377.100
1984-07-01,905.04,346.760
1984-08-01,904.28,347.800
1984-09-01,882.82,341.120
1984-10-01,876.99,339.920
1984-11-01,879.99,341.080
1984-12-01,824.46,319.560
1985-01-01,778.29,302.250
1985-02-01,764.59,298.320
1985-03-01,777.62,304.470
1985-04-01,826.30,325.060
1985-05-01,801.38,316.500
1985-06-01,798.88,316.390
1985-07-01,800.40,317.620
1985-08-01,830.20,329.970
1985-09-01,809.83,322.770
1985-10-01,814.68,325.870
1985-11-01,810.72,325.200
1985-12-01,799.52,321.610
1986-01-01,857.36,345.850
1986-02-01,841.76,338.600
1986-03-01,863.06,345.640
1986-04-01,852.46,340.710
1986-05-01,854.51,342.490
1986-06-01,850.11,342.650
1986-07-01,865.08,348.680
1986-08-01,934.72,377.360
1986-09-01,1030.49,418.050
1986-10-01,1042.17,423.130
1986-11-01,978.72,397.690
1986-12-01,960.98,390.800
1987-01-01,997.45,408.290
1987-02-01,976.48,401.020
1987-03-01,992.00,409.240
1987-04-01,1059.10,439.280
1987-05-01,1104.80,459.950
1987-06-01,1076.49,449.660
1987-07-01,1076.87,451.140
1987-08-01,1094.07,460.660
1987-09-01,1087.52,460.230
1987-10-01,1097.17,465.690
1987-11-01,1101.70,468.010
1987-12-01,1145.79,486.740
1988-01-01,1117.39,475.890
1988-02-01,1034.04,441.520
1988-03-01,1034.55,443.630
1988-04-01,1047.76,451.620
1988-05-01,1043.04,451.140
1988-06-01,1038.38,450.880
1988-07-01,1003.33,437.560
1988-08-01,984.38,431.180
1988-09-01,934.46,412.020
1988-10-01,920.14,407.140
1988-11-01,949.44,420.480
1988-12-01,944.66,418.920
1989-01-01,905.61,403.570
1989-02-01,865.79,387.550
1989-03-01,866.62,390.020
1989-04-01,848.30,384.370
1989-05-01,813.51,370.620
1989-06-01,805.33,367.900
1989-07-01,818.80,374.910
1989-08-01,796.39,365.150
1989-09-01,786.79,361.910
1989-10-01,793.89,367.030
1989-11-01,852.82,395.190
1989-12-01,881.93,409.250
1990-01-01,875.58,410.490
1990-02-01,884.40,416.580
1990-03-01,827.96,392.210
1990-04-01,789.00,374.290
1990-05-01,776.11,369.050
1990-06-01,736.78,352.190
1990-07-01,756.18,362.850
1990-08-01,816.65,395.470
1990-09-01,795.91,388.820
1990-10-01,774.09,380.390
1990-11-01,775.29,381.730
1990-12-01,767.09,377.690
1991-01-01,773.36,383.040
1991-02-01,733.60,363.890
1991-03-01,731.18,363.230
1991-04-01,720.32,358.370
1991-05-01,715.37,356.970
1991-06-01,733.01,366.870
1991-07-01,733.30,367.570
1991-08-01,707.85,355.880
1991-09-01,690.78,348.880
1991-10-01,709.29,358.770
1991-11-01,710.75,360.420
1991-12-01,711.33,361.080
1992-01-01,697.44,354.570
1992-02-01,693.31,353.730
1992-03-01,671.19,344.200
1992-04-01,659.09,338.340
1992-05-01,655.87,337.210
1992-06-01,660.78,340.960
1992-07-01,683.26,353.290
1992-08-01,660.67,342.670
1992-09-01,664.80,345.710
1992-10-01,659.43,344.170
1992-11-01,640.70,334.920
1992-12-01,641.16,334.810
1993-01-01,626.84,329.050
1993-02-01,625.36,329.310
1993-03-01,624.83,330.250
1993-04-01,645.15,341.890
1993-05-01,692.82,367.740
1993-06-01,699.97,371.930
1993-07-01,739.23,392.790
1993-08-01,709.07,377.970
1993-09-01,664.43,354.930
1993-10-01,679.61,364.400
1993-11-01,696.86,374.050
1993-12-01,714.70,383.630
1994-01-01,718.23,386.560
1994-02-01,707.28,381.900
1994-03-01,709.01,384.080
1994-04-01,695.35,377.290
1994-05-01,702.80,381.540
1994-06-01,707.96,385.600
1994-07-01,705.80,385.470
1994-08-01,693.47,380.400
1994-09-01,712.58,391.740
1994-10-01,707.85,389.570
1994-11-01,697.49,384.290
1994-12-01,688.36,379.260
1995-01-01,684.22,378.440
1995-02-01,678.31,376.630
1995-03-01,686.55,382.480
1995-04-01,699.30,390.890
1995-05-01,687.30,385.040
1995-06-01,690.67,387.580
1995-07-01,688.19,386.190
1995-08-01,681.98,383.780
1995-09-01,679.24,383.100
1995-10-01,677.59,383.250
1995-11-01,681.40,385.190
1995-12-01,685.61,387.350
1996-01-01,704.86,400.490
1996-02-01,709.55,404.530
1996-03-01,691.28,396.150
1996-04-01,682.67,392.790
1996-05-01,680.05,391.960
1996-06-01,667.66,385.040
1996-07-01,663.98,383.580
1996-08-01,669.14,387.460
1996-09-01,659.35,382.900
1996-10-01,653.86,381.040
1996-11-01,646.98,377.690
1996-12-01,632.01,368.950
1997-01-01,604.41,353.870
1997-02-01,590.65,347.030
1997-03-01,596.83,351.490
1997-04-01,583.81,344.230
1997-05-01,583.92,344.090
1997-06-01,577.16,340.510
1997-07-01,548.36,323.900
1997-08-01,547.59,324.020
1997-09-01,544.44,323.110
1997-10-01,545.25,324.360
1997-11-01,513.94,305.550
1997-12-01,485.99,288.590
1998-01-01,486.06,289.150
1998-02-01,499.19,297.490
1998-03-01,495.70,295.940
1998-04-01,515.46,308.290
1998-05-01,499.20,299.100
1998-06-01,487.30,292.320
1998-07-01,487.63,292.870
1998-08-01,472.47,284.110
1998-09-01,480.00,288.980
1998-10-01,490.36,295.930
1998-11-01,487.44,294.170
1998-12-01,483.61,291.680
1999-01-01,474.81,287.070
1999-02-01,474.67,287.330
1999-03-01,470.98,285.960
1999-04-01,462.08,282.620
1999-05-01,451.98,276.440
1999-06-01,427.24,261.310
1999-07-01,417.41,256.080
1999-08-01,417.38,256.690
1999-09-01,428.35,264.740
1999-10-01,501.81,310.720
1999-11-01,473.19,293.180
1999-12-01,456.87,283.070
2000-01-01,457.76,284.320
2000-02-01,479.78,299.860
2000-03-01,454.50,286.390
2000-04-01,443.59,279.690
2000-05-01,435.90,275.190
2000-06-01,450.31,285.730
2000-07-01,442.66,281.590
2000-08-01,431.47,274.470
2000-09-01,428.04,273.680
2000-10-01,421.47,270.000
2000-11-01,415.24,266.010
2000-12-01,423.73,271.450
2001-01-01,412.04,265.490
2001-02-01,404.59,261.870
2001-03-01,405.59,263.030
2001-04-01,400.10,260.480
2001-05-01,416.44,272.360
2001-06-01,411.75,269.820
2001-07-01,409.59,267.530
2001-08-01,417.03,272.390
2001-09-01,431.93,283.420
2001-10-01,432.80,283.060
2001-11-01,423.08,276.160
2001-12-01,424.26,275.850
2002-01-01,431.84,281.510
2002-02-01,451.52,295.500
2002-03-01,446.97,294.060
2002-04-01,457.35,302.680
2002-05-01,475.33,314.580
2002-06-01,484.98,321.180
2002-07-01,472.75,313.290
2002-08-01,466.62,310.250
2002-09-01,479.03,319.140
2002-10-01,474.52,316.560
2002-11-01,478.29,319.070
2002-12-01,498.54,331.920
2003-01-01,533.51,356.860
2003-02-01,532.71,358.970
2003-03-01,502.31,340.550
2003-04-01,485.05,328.180
2003-05-01,526.76,355.680
2003-06-01,527.04,356.350
2003-07-01,518.41,350.990
2003-08-01,529.58,359.770
2003-09-01,555.92,378.950
2003-10-01,556.63,378.920
2003-11-01,574.34,389.910
2003-12-01,598.61,406.110
2004-01-01,607.03,413.790
2004-02-01,590.82,404.950
2004-03-01,589.67,406.670
2004-04-01,582.71,403.260
2004-05-01,551.49,383.780
2004-06-01,562.03,392.480
2004-07-01,571.26,398.090
2004-08-01,574.33,400.510
2004-09-01,579.96,405.280
2004-10-01,598.31,420.460
2004-11-01,624.80,439.380
2004-12-01,631.29,442.080
2005-01-01,604.24,424.030
2005-02-01,599.89,423.350
2005-03-01,610.65,434.320
2005-04-01,599.21,429.230
2005-05-01,589.77,421.870
2005-06-01,601.63,430.660
2005-07-01,590.03,424.480
2005-08-01,605.66,437.930
2005-09-01,623.42,456.050
2005-10-01,640.94,469.900
2005-11-01,655.42,476.670
2005-12-01,704.45,510.100
2006-01-01,753.31,549.860
2006-02-01,758.69,555.000
2006-03-01,757.64,557.090
2006-04-01,823.16,610.650
2006-05-01,906.37,675.390
2006-06-01,798.24,596.150
2006-07-01,846.00,633.710
2006-08-01,842.26,632.330
2006-09-01,800.80,598.060
2006-10-01,788.46,585.780
2006-11-01,846.31,627.830
2006-12-01,847.20,629.420
2007-01-01,847.03,631.170
2007-02-01,887.44,664.750
2007-03-01,866.43,654.900
2007-04-01,893.37,679.370
2007-05-01,871.66,666.920
2007-06-01,854.76,655.490
2007-07-01,867.55,665.300
2007-08-01,869.69,665.410
2007-09-01,928.58,712.650
2007-10-01,980.98,754.600
2007-11-01,1042.48,806.250
2007-12-01,1039.34,803.200
2008-01-01,1144.92,889.600
2008-02-01,1183.31,922.300
2008-03-01,1231.84,968.430
2008-04-01,1150.77,909.700
2008-05-01,1116.70,890.510
2008-06-01,1155.06,930.000
2008-07-01,1136.20,920.000
2008-08-01,1035.40,835.000
2008-09-01,1103.52,888.500
2008-10-01,917.09,730.750
2008-11-01,1041.75,814.500
2008-12-01,1123.72,869.750
2009-01-01,1183.40,919.500
2009-02-01,1218.56,952.000
2009-03-01,1146.43,897.750
2009-04-01,1125.26,883.250
2009-05-01,1238.89,975.500
2009-06-01,1177.47,934.500
2009-07-01,1185.02,939.000
2009-08-01,1202.97,955.500
2009-09-01,1277.81,1015.750
2009-10-01,1307.28,1040.000
2009-11-01,1476.74,1175.750
2009-12-01,1368.08,1087.500
2010-01-01,1352.44,1078.500
2010-02-01,1389.75,1108.250
2010-03-01,1392.14,1115.500
2010-04-01,1469.35,1179.250
2010-05-01,1503.34,1207.500
2010-06-01,1539.42,1234.500
2010-07-01,1456.57,1169.000
2010-08-01,1537.58,1235.000
2010-09-01,1609.74,1294.000
2010-10-01,1672.66,1346.750
2010-11-01,1718.31,1383.500
2010-12-01,1742.82,1405.500
2011-01-01,1637.52,1327.000
2011-02-01,1732.71,1411.000
2011-03-01,1749.82,1439.000
2011-04-01,1854.88,1535.500
2011-05-01,1842.67,1533.000
2011-06-01,1811.12,1504.250
2011-07-01,1941.04,1613.500
2011-08-01,2188.18,1825.000
2011-09-01,1939.14,1620.000
2011-10-01,2066.40,1722.000
2011-11-01,2096.95,1746.000
2011-12-01,1843.32,1531.000
2012-01-01,2091.06,1744.000
2012-02-01,2111.61,1770.000
2012-03-01,1968.40,1662.500
2012-04-01,1950.13,1651.250
2012-05-01,1841.56,1558.000
2012-06-01,1892.62,1598.500
2012-07-01,1923.69,1622.000
2012-08-01,1943.58,1648.500
2012-09-01,2085.02,1776.000
2012-10-01,2019.83,1719.000
2012-11-01,2036.68,1726.000
2012-12-01,1960.82,1657.500
2013-01-01,1964.41,1664.750
2013-02-01,1858.55,1588.500
2013-03-01,1865.16,1598.250
2013-04-01,1715.79,1469.000
2013-05-01,1625.99,1394.500
2013-06-01,1387.49,1192.000
2013-07-01,1528.76,1314.500
2013-08-01,1620.70,1394.750
2013-09-01,1538.74,1326.500
2013-10-01,1539.81,1324.000
2013-11-01,1461.00,1253.000
2013-12-01,1404.45,1204.500
2014-01-01,1453.66,1251.000
2014-02-01,1534.76,1326.500
2014-03-01,1485.51,1291.750
2014-04-01,1476.62,1288.500
2014-05-01,1428.07,1250.500
2014-06-01,1499.10,1315.000
2014-07-01,1465.19,1285.250
2014-08-01,1468.33,1285.750
2014-09-01,1388.03,1216.500
2014-10-01,1331.90,1164.250
2014-11-01,1361.35,1182.750
2014-12-01,1395.34,1206.000
2015-01-01,1465.67,1260.250
2015-02-01,1405.81,1214.000
2015-03-01,1366.24,1187.000
2015-04-01,1354.93,1180.250
2015-05-01,1361.77,1191.400
2015-06-01,1333.77,1171.000
2015-07-01,1249.98,1098.400
2015-08-01,1293.90,1135.000
2015-09-01,1272.19,1114.000
2015-10-01,1304.56,1142.350
2015-11-01,1215.88,1061.900
2015-12-01,1228.57,1069.250
2016-01-01,1278.56,1114.700
2016-02-01,1285.81,1122.000
2016-03-01,1414.84,1240.000
2016-04-01,1398.25,1230.850
2016-05-01,1376.99,1217.500
2016-06-01,1488.32,1320.600
2016-07-01,1532.62,1357.500
2016-08-01,1479.26,1311.400
2016-09-01,1481.74,1317.100
2016-10-01,1430.96,1273.100
2016-11-01,1321.81,1173.900
2016-12-01,1295.66,1151.700
2017-01-01,1355.56,1211.400
2017-02-01,1398.10,1253.900
2017-03-01,1393.84,1251.200
2017-04-01,1409.08,1268.300
2017-05-01,1415.69,1275.400
2017-06-01,1377.71,1242.300
2017-07-01,1413.47,1273.400
2017-08-01,1463.68,1322.200
2017-09-01,1414.56,1284.800
2017-10-01,1398.82,1270.500
2017-11-01,1411.65,1282.150
2017-12-01,1428.74,1296.500
2018-01-01,1472.31,1343.350
2018-02-01,1440.45,1320.300
2018-03-01,1441.73,1323.900
2018-04-01,1426.82,1316.250
2018-05-01,1407.78,1303.500
2018-06-01,1348.09,1250.550
2018-07-01,1314.30,1219.200
2018-08-01,1300.98,1206.850
2018-09-01,1273.45,1183.500
2018-10-01,1307.81,1217.700
2018-11-01,1315.65,1220.450
2018-12-01,1385.46,1281.650
2019-01-01,1426.98,1322.500
2019-02-01,1424.86,1325.450
2019-03-01,1380.24,1291.150
2019-04-01,1366.11,1285.150
2019-05-01,1375.06,1296.000
2019-06-01,1499.41,1413.200
2019-07-01,1514.95,1430.550
2019-08-01,1616.62,1526.550
2019-09-01,1573.88,1487.600
2019-10-01,1590.76,1506.400
2019-11-01,1537.91,1456.350
2019-12-01,1609.81,1523.000
2020-01-01,1664.64,1580.850
2020-02-01,1707.67,1626.350
2020-03-01,1689.70,1604.650
2020-04-01,1819.76,1716.750
2020-05-01,1829.19,1725.650
2020-06-01,1866.32,1770.700
2020-07-01,2068.29,1971.680
2020-08-01,2059.17,1970.500
2020-09-01,1977.23,1893.900
2020-10-01,1960.74,1879.900
2020-11-01,1858.17,1779.860
2020-12-01,1976.59,1895.100
2021-01-01,1921.84,1849.700
2021-02-01,1785.85,1728.800
2021-03-01,1759.84,1715.240
2021-04-01,1797.75,1767.700
2021-05-01,1921.88,1904.740
2021-06-01,1771.60,1771.600
2021-07-01,1814.12,1814.120
2021-08-01,1819.80,1819.800
